Vendor Name,Products,Vulnerabilities
Axpdfium Project,1,1
Axper,2,0
AXS,1,1
Axscripts,1,1
Axspawn,1,1
Axtls Project,1,7
Axublog,1,1
Axway,5,6
Axxonsoft,1,1
Axyl,1,1
Ay System Solutions,2,3
Ayacms Project,1,2
Ayatana Project,1,3
Ayecode,4,4
Ayision,2,0
Ayman Akt,1,1
Ays-pro,10,16
Ayuntamientodecoana,1,1
Azbb,1,3
Azboard,1,1
Azeotech,1,9
Azerbaijan Development Group,2,6
Azimyt,1,1
Azkaban Project,1,1
Aznews,1,1
Azrul,1,0
Aztech,11,3
Aztek Forum,1,10
Azttoken Project,1,1
Azucar Cms,1,2
Azure Dex,1,1
Azure-iot-cli-extension,1,1
Azureus Tracker,1,1
Azuriontoken Project,1,1
